Label,MAE,Training MSE,Testing MSE,R^2 Score
Drug loading (EE%),10.049713947277652,83.44042556585194,286.77104644942426,0.08974051560898955
Vesicular  Size (nm),136.0645400441677,40584.88277862908,47186.56830384885,0.5819339119302324
Vesicles zeta potential (mV),6.317528448132569,24.915479039199923,90.55820424643026,0.6836100814173058
Drug released percentage,4.2056245310643945,39.4985978179602,70.64095535772857,0.8933640409198833
