Label,Intercept,MAE,Training MSE,Testing MSE,R^2 Score
Drug loading (EE%),74.44647282608696,11.132435349119325,140.00375862162454,295.35102156162293,0.06250623300474811
Vesicular  Size (nm),364.6310183486238,153.49901414564494,63126.58862069539,59365.47876008173,0.47403054801949074
Vesicles zeta potential (mV),-23.503304347826084,8.937586573826254,137.96764784129064,138.63881009393197,0.515627300662272
Drug released percentage,51.03482758620689,6.990286144760543,40.91116608533262,199.9862588738714,0.698111012091138
